Depth,WinRate,AvgTime
1,0.3,1.0561943054199218e-05
2,0.4,1.2135505676269531e-05
3,0.5,8.320808410644531e-06
4,0.4,1.0704994201660156e-05
5,0.6,9.369850158691406e-06
