Depth,WinRate,AvgTime
1,0.5,1.41143798828125e-05
2,0.0,1.3470649719238281e-05
3,0.4,1.0275840759277344e-05
4,0.4,1.068115234375e-05
5,0.3,1.0323524475097656e-05
