Depth,WinRate,AvgTime
1,0.3,1.4781951904296875e-05
2,0.4,1.2302398681640625e-05
3,0.1,1.0585784912109375e-05
4,0.6,1.0395050048828125e-05
5,0.3,1.1277198791503906e-05
